id,active,applies_to_type,can_delete,master_data,direction_usb,direction,domain,included_fields,type_id,model_id,owner_field,name,status,forced_values,sequence_number
msf_sync_data_server.trigger_something_up,TRUE,TRUE,FALSE,TRUE,cp_to_rw,Up,"[]","['name', 'args']",OC,sync.trigger.something.up,,Trigger Something Up,Valid,,10
msf_sync_data_server.trigger_something_target,TRUE,TRUE,FALSE,TRUE,bidirectional,Bidirectional-Private,"[]","['name', 'args', 'destination']",OC,sync.trigger.something.target,destination,Trigger Something Target,Valid,,15
msf_sync_data_server.trigger_something_target_lower,TRUE,TRUE,FALSE,TRUE,bidirectional,Bidirectional-Private,"[]","['name', 'args', 'destination']",OC,sync.trigger.something.target.lower,destination,Trigger Something Target Lower,Valid,,1200
msf_sync_data_server.analytic_account,TRUE,TRUE,FALSE,TRUE,bidirectional,Down,"[('category' , 'in' , ['FREE1', 'FREE2', 'DEST'])]","['category', 'code', 'date', 'date_start', 'description',  'name', 'type']",OC,account.analytic.account,,Analytic Accounts (Free 1 & 2 & Destination),Valid,,100
msf_sync_data_server.cost_center_hq,TRUE,TRUE,FALSE,TRUE,bidirectional,Down,"[('category' , '=' , 'OC'), ('parent_id', '=', '')]","['category', 'code', 'date', 'date_start', 'description',  'name', 'type']",OC,account.analytic.account,,Cost Center (HQ),Valid,,101
msf_sync_data_server.cost_center,TRUE,TRUE,TRUE,TRUE,bidirectional,Bidirectional-Private,"[('category' , '=' , 'OC'), ('parent_id', '!=', ''), ('code', '!=', 'cc-intermission')]","['category', 'code', 'date', 'date_start', 'description',  'name', 'type']",OC,account.analytic.account,category,Cost Center,Valid,,102
msf_sync_data_server.cc_tree,TRUE,TRUE,FALSE,TRUE,bidirectional,Bidirectional-Private,"[('category' , '=' , 'OC'), ('parent_id', '!=', ''), ('code', '!=', 'cc-intermission')]","['category', 'parent_id/id']",OC,account.analytic.account,category,CC Tree,Valid,,103
msf_sync_data_server.proprietary_instance,TRUE,TRUE,TRUE,TRUE,bidirectional,Bidirectional,[],"['code', 'instance', 'instance_identifier', 'level', 'mission', 'move_prefix', 'name', 'note', 'reconcile_prefix', 'state']",OC,msf.instance,,Proprietary Instance,Valid,,104
msf_sync_data_server.proprietary_instance_tree,TRUE,TRUE,FALSE,TRUE,bidirectional,Bidirectional,"[('parent_id','!=','')]",['parent_id/id'],OC,msf.instance,,Proprietary Instance Tree,Valid,,105
msf_sync_data_server.account_target_costcenter,TRUE,TRUE,TRUE,TRUE,bidirectional,Bidirectional-Private,"[('instance_id.state','=','active')]","['cost_center_id/id', 'instance_id/id', 'is_po_fo_cost_center', 'is_target', 'is_top_cost_center']",OC,account.target.costcenter,instance_id,Instance Cost Centers,Valid,,106
msf_sync_data_server.account_target_costcenter_tree,TRUE,TRUE,FALSE,TRUE,bidirectional,Bidirectional-Private,"[('instance_id.state','=','active'), ('parent_id','!=','')]","['instance_id/id', 'parent_id/id']",OC,account.target.costcenter,instance_id,Instance Cost Centers Tree,Valid,,107
msf_sync_data_server.fiscal_year,TRUE,TRUE,FALSE,TRUE,bidirectional,Down,[],"['code', 'date_start', 'date_stop', 'name', 'state']",OC,account.fiscalyear,,Fiscal Year,Valid,,108
msf_sync_data_server.periods,TRUE,TRUE,TRUE,TRUE,bidirectional,Down,"[('active', 'in', ['t', 'f'])]","['active', 'code', 'date_start', 'date_stop', 'fiscalyear_id/id', 'name', 'number', 'special', 'state_sync_flag']",OC,account.period,,Periods,Valid,,109
msf_sync_data_server.currency_table_header,TRUE,TRUE,TRUE,TRUE,bidirectional,Down,"[('state','in',['valid', 'closed'])]","['code', 'name', 'state', 'is_for_reval']",OC,res.currency.table,,Currency Table Header,Valid,,110
msf_sync_data_server.currency,TRUE,TRUE,FALSE,TRUE,bidirectional,Down,"['|', ('active', '=', ''), ('active', '!=', ''),('currency_table_id', '=', '')]","['accuracy', 'currency_name', 'name', 'rounding', 'symbol']",OC,res.currency,,Currency,Valid,,111
msf_sync_data_server.currency_with_ref_to_cur_table,TRUE,TRUE,FALSE,TRUE,bidirectional,Down,"['|', ('active', '=', ''), ('active', '!=', ''),('currency_table_id', '!=', ''), ('currency_table_id.state', 'in', ['valid', 'closed'])]","['accuracy', 'currency_name', 'currency_table_id/id', 'name', 'reference_currency_id/id', 'rounding', 'symbol']",OC,res.currency,,Currency (with ref to cur table),Valid,,112
msf_sync_data_server.currency_table_rate,TRUE,TRUE,TRUE,TRUE,bidirectional,Down,"[('rate' , '!=' , ''),('currency_id', '!=', ''), ('currency_id.currency_table_id', '!=', ''), ('currency_id.currency_table_id', 'in', ('res.currency.table', 'id', [('state', 'in', ['valid', 'closed'])]))]","['currency_id/id', 'name', 'rate']",OC,res.currency.rate,,Currency Table Rate,Valid,,113
msf_sync_data_server.currency_activator,TRUE,TRUE,TRUE,TRUE,bidirectional,Down,"[('active', '!=', ''),('currency_table_id', '!=', ''), ('currency_table_id.state', 'in', ['valid', 'closed'])]",['active'],OC,res.currency,,Currency activator,Valid,,114
msf_sync_data_server.currency_table_header_state,FALSE,TRUE,TRUE,TRUE,bidirectional,Down,"[('state','=','valid')]",['state'],OC,res.currency.table,,Currency Table Header State,Valid,,115
msf_sync_data_server.gl_account_type,TRUE,TRUE,TRUE,TRUE,bidirectional,Down,[],"['close_method', 'code', 'name', 'note', 'not_correctible', 'report_type']",OC,account.account.type,,GL Account Type,Valid,,116
msf_sync_data_server.gl_accounts,TRUE,TRUE,FALSE,TRUE,bidirectional,Down,[],"['accrual_account','code', 'default_destination_id/id', 'display_in_reports', 'inactivation_date', 'activation_date', 'is_not_hq_correctible', 'name', 'note', 'reconcile', 'shrink_entries_for_hq', 'type', 'type_for_register', 'user_type/id', 'currency_revaluation', 'include_in_yearly_move', 'has_partner_type_internal', 'has_partner_type_section', 'has_partner_type_external', 'has_partner_type_esc', 'has_partner_type_intermission', 'has_partner_type_local', 'has_partner_type_ex', 'has_partner_type_book', 'has_partner_type_empty', 'is_not_ad_correctable', 'prevent_multi_curr_rec', 'expat_restriction', 'prevent_hq_asset']",OC,account.account,,GL Accounts,Valid,,117
msf_sync_data_server.gl_accounts_tree,TRUE,TRUE,TRUE,TRUE,bidirectional,Down,"[('parent_id', '!=', '')]",['parent_id/id'],OC,account.account,,GL Accounts Tree,Valid,,118
msf_sync_data_server.analytical_journal_hq,TRUE,TRUE,FALSE,TRUE,bidirectional,Down,"[('instance_id.level', '=', 'section')]","['code', 'name', 'type','instance_id/id']",OC,account.analytic.journal,,Analytical Journal (HQ),Valid,,119
msf_sync_data_server.analytical_journal_coordo,TRUE,TRUE,FALSE,TRUE,bidirectional,Down,"[('instance_id.level', '=', 'coordo'),('code','!=','ENGI')]","['code', 'name', 'type','instance_id/id']",MISSION,account.analytic.journal,,Analytical Journal (Coordo),Valid,,120
msf_sync_data_server.analytical_journal_project,TRUE,TRUE,FALSE,TRUE,bidirectional,Bidirectional,"[('instance_id.level', '=', 'project'),('code','!=','ENGI')]","['code', 'name', 'type','instance_id/id']",MISSION,account.analytic.journal,,Analytical Journal (Project),Valid,,121
msf_sync_data_server.analytical_journal,TRUE,TRUE,FALSE,TRUE,bidirectional,Bidirectional-Private,[],"['code', 'name', 'type','instance_id/id']",OC,account.analytic.journal,instance_id,Analytical Journal,Valid,,122
msf_sync_data_server.link_accounts_destination,TRUE,TRUE,TRUE,TRUE,bidirectional,Down,[],"['account_id/id', 'destination_id/id', 'disabled']",OC,account.destination.link,,Link accounts Destination,Valid,,123
msf_sync_data_server.funding_pool_to_coordo,TRUE,TRUE,FALSE,TRUE,bidirectional,Bidirectional-Private,"[('category' , '=' , 'FUNDING')]","['category', 'code', 'cost_center_ids/id', 'date', 'date_start', 'description', 'instance_id/id', 'name', 'tuple_destination_account_ids/id', 'type', 'allow_all_cc_with_fp', 'select_accounts_only', 'fp_account_ids/id']",HQ + MISSION,account.analytic.account,instance_id,Funding Pool linked to a special coordo,Valid,,124
msf_sync_data_server.fp_tree0,TRUE,TRUE,FALSE,TRUE,bidirectional,Down,"[('category', 'in', ['FREE1', 'FREE2', 'DEST']),('parent_id', '!=', '')]","['parent_id/id', 'instance_id/id']",OC,account.analytic.account,instance_id,"DestF1F2 tree (only F1, F2 and Dest)",Valid,,126
msf_sync_data_server.fp_tree,FALSE,TRUE,TRUE,FALSE,bidirectional,Bidirectional,"[('category', 'in', ['FREE1', 'FREE2', 'DEST']),('parent_id', '!=', '')]",['parent_id/id'],MISSION,account.analytic.account,,"Analytic account tree (only F1, F2 and Dest) – Coordo/Projects only",Valid,,127
msf_sync_data_server.currency_rate,TRUE,TRUE,FALSE,TRUE,bidirectional,Down,"[('rate' , '!=' , ''),('currency_id', '!=', ''), ('currency_id', 'in', ('res.currency', 'id', [('active', 'in', ['t', 'f']), ('currency_table_id', '=', '')]))]","['currency_id/id', 'name', 'rate']",OC,res.currency.rate,,Currency Rate,Valid,,128
msf_sync_data_server.periods_state,TRUE,TRUE,TRUE,TRUE,bidirectional,Up,[],"['state', 'period_id/id', 'instance_id/id']",HQ + MISSION,account.period.state,,Periods states,Valid,,129
msf_sync_data_server.fys_state,TRUE,TRUE,TRUE,TRUE,bidirectional,Up,[],"['state', 'fy_id/id', 'instance_id/id']",HQ + MISSION,account.fiscalyear.state,,Fiscal years states,Valid,,130
msf_sync_data_server.cost_center_cc_intermission,TRUE,TRUE,FALSE,TRUE,bidirectional,Down,"[('category' , '=' , 'OC'), ('code', '=', 'cc-intermission')]","['category', 'code', 'date', 'date_start', 'description',  'name', 'type']",OC,account.analytic.account,,CC-Intermission,Valid,,140
msf_sync_data_server.destination_cc,TRUE,TRUE,TRUE,TRUE,bidirectional,Down,"[('category' , '=' , 'DEST')]","['allow_all_cc']",OC,account.analytic.account,,Destinations: Cost Center fields,Valid,,145
msf_sync_data_server.dest_cc_link,TRUE,TRUE,TRUE,TRUE,bidirectional,Bidirectional-Private,"[]","['dest_id/id', 'cc_id/id', 'active_from', 'inactive_from']",OC,dest.cc.link,cc_id,Destination / Cost Center Combinations,Valid,,146
msf_sync_data_server.gl_accounts_reconciliation,TRUE,TRUE,FALSE,TRUE,bidirectional,Down,[],"['reconciliation_debit_account_id/id', 'reconciliation_credit_account_id/id']",OC,account.account,,GL Accounts Reconciliation Accounts,Valid,,150
msf_sync_data_server.analytic_distribution,FALSE,TRUE,FALSE,FALSE,bidirectional,Bidirectional,[],['name'],HQ + MISSION,analytic.distribution,,Analytic Distribution,Valid,,200
msf_sync_data_server.cost_center_distribution_line,TRUE,TRUE,TRUE,FALSE,bidirectional,Bidirectional,"[('partner_type','=','internal')]","['amount', 'analytic_id/id', 'currency_id/id', 'date', 'destination_id/id', 'distribution_id/id', 'name', 'percentage', 'partner_type', 'source_date']",HQ + MISSION,cost.center.distribution.line,analytic_id,Cost Center Distribution Line - Internal partner,Valid,,201
msf_sync_data_server.cost_center_distribution_line_non_internal,TRUE,TRUE,FALSE,FALSE,bidirectional,Bidirectional-Private,"[('partner_type','!=','internal')]","['amount', 'analytic_id/id', 'currency_id/id', 'date', 'destination_id/id', 'distribution_id/id', 'name', 'percentage', 'partner_type',  'source_date']",HQ + MISSION,cost.center.distribution.line,analytic_id,Cost Center Distribution Line - Non internal partner,Valid,,202
msf_sync_data_server.cost_center_distribution_line_intermission,FALSE,TRUE,FALSE,FALSE,bidirectional,Bidirectional,"[('analytic_id' , 'in' , ('account.analytic.account' , 'id' , [('code','=','cc-intermission')]))]","['amount', 'analytic_id/id', 'currency_id/id', 'date', 'destination_id/id', 'distribution_id/id', 'name', 'percentage', 'partner_type', 'source_date']",COORDINATIONS,cost.center.distribution.line,,Cost Center Distribution Line - Intermission,Valid,,203
msf_sync_data_server.fp_distribution_line,TRUE,TRUE,TRUE,FALSE,bidirectional,Bidirectional-Private,"[]","['amount', 'analytic_id/id', 'cost_center_id/id', 'currency_id/id', 'date', 'destination_id/id', 'distribution_id/id', 'name', 'percentage', 'source_date']",HQ + MISSION,funding.pool.distribution.line,cost_center_id,FP Distribution Line,Valid,,210
msf_sync_data_server.fp_distribution_line_intermission,FALSE,TRUE,FALSE,FALSE,bidirectional,Bidirectional,"[('cost_center_id' , 'in' , ('account.analytic.account' , 'id' , [('code','=','cc-intermission')]))]","['amount', 'analytic_id/id', 'cost_center_id/id', 'currency_id/id', 'date', 'destination_id/id', 'distribution_id/id', 'name', 'percentage', 'source_date']",COORDINATIONS,funding.pool.distribution.line,,FP Distribution Line - Intermission ,Valid,,211
msf_sync_data_server.free_1_distribution_line,TRUE,TRUE,TRUE,FALSE,bidirectional,Bidirectional,[],"['amount', 'analytic_id/id', 'currency_id/id', 'date', 'destination_id/id', 'distribution_id/id', 'name', 'percentage', 'source_date']",HQ + MISSION,free.1.distribution.line,,Free 1 Distribution Line,Valid,,220
msf_sync_data_server.free_2_distribution_line,TRUE,TRUE,TRUE,FALSE,bidirectional,Bidirectional,[],"['amount', 'analytic_id/id', 'currency_id/id', 'date', 'destination_id/id', 'distribution_id/id', 'name', 'percentage', 'source_date']",HQ + MISSION,free.2.distribution.line,,Free 2 Distribution Line,Valid,,221
msf_sync_data_server.hq_entries,TRUE,TRUE,FALSE,FALSE,bidirectional,Bidirectional-Private,[],"['account_id/id', 'account_id_first_value/id', 'amount', 'analytic_id/id', 'analytic_id_first_value/id', 'analytic_state', 'cost_center_id/id', 'cost_center_id_first_value/id', 'currency_id/id', 'date', 'destination_id/id', 'destination_id_first_value/id', 'document_date', 'free_1_id/id', 'free_2_id/id', 'name', 'partner_txt', 'period_id/id', 'ref', 'user_validated', 'is_split', 'is_original', 'is_asset']",OC,hq.entries,cost_center_id,HQ Entries,Valid,,250
msf_sync_data_server.hq_entries_deletion,TRUE,TRUE,TRUE,FALSE,bidirectional,Up,"[('id', '=', 0)]","['name']",OC,hq.entries,,HQ Entries deletion,Valid,,251
msf_sync_data_server.gl_journal_non_registers,TRUE,TRUE,FALSE,TRUE,bidirectional,Up,"[('type', '!=', 'cash'),('type', '!=', 'cheque'),('type', '!=', 'bank')]","['bank_journal_id/id','analytic_journal_id/id', 'code', 'currency/id', 'default_credit_account_id/id', 'default_debit_account_id/id', 'name', 'type','instance_id/id', 'inactivation_date']",OC,account.journal,,GL Journal (Non Registers),Valid,,260
msf_sync_data_server.gl_journal_non_registers_active,TRUE,TRUE,FALSE,TRUE,bidirectional,Up,"[('type', '!=', 'cash'),('type', '!=', 'cheque'),('type', '!=', 'bank')]","['is_active']",OC,account.journal,,GL Journal (Non Registers) Active,Valid,,2580
msf_sync_data_server.gl_journals_registers_hq_bank,FALSE,TRUE,FALSE,TRUE,bidirectional,Down,"[('type', '=', 'bank'),('instance_id.level', '=', 'section')]","['bank_journal_id/id','analytic_journal_id/id', 'code', 'currency/id', 'default_credit_account_id/id', 'default_debit_account_id/id', 'name', 'type','instance_id/id','last_period_with_open_register_id/id']",OC,account.journal,,GL Journals – Bank Registers (HQ),Valid,,261
msf_sync_data_server.gl_journals_registers_coordo_bank,FALSE,TRUE,FALSE,TRUE,bidirectional,Down,"[('type', '=', 'bank'),('instance_id.level', '=', 'coordo')]","['bank_journal_id/id','analytic_journal_id/id', 'code', 'currency/id', 'default_credit_account_id/id', 'default_debit_account_id/id', 'name', 'type','instance_id/id','last_period_with_open_register_id/id']",MISSION,account.journal,,GL Journals – Bank Registers (Coordo),Valid,,262
msf_sync_data_server.gl_journals_registers_bank,TRUE,TRUE,FALSE,TRUE,bidirectional,Bidirectional,"[('type', '=', 'bank')]","['bank_journal_id/id','analytic_journal_id/id', 'code', 'currency/id', 'default_credit_account_id/id', 'default_debit_account_id/id', 'name', 'type','instance_id/id', 'bank_account_number', 'bank_account_name', 'bank_swift_code', 'bank_address', 'inactivation_date', 'last_period_with_open_register_id/id']",HQ + MISSION,account.journal,instance_id,GL Journals – Bank Registers,Valid,,263
msf_sync_data_server.gl_journals_registers_bank_active,TRUE,TRUE,FALSE,TRUE,bidirectional,Bidirectional,"[('type', '=', 'bank')]","['is_active']",HQ + MISSION,account.journal,instance_id,GL Journals – Bank Registers Active,Valid,,1585
msf_sync_data_server.gl_journals_registers_hq,FALSE,TRUE,FALSE,TRUE,bidirectional,Down,"['|',('type', '=', 'cash'),('type', '=', 'cheque'),('instance_id.level', '=', 'section')]","['bank_journal_id/id','analytic_journal_id/id', 'code', 'currency/id', 'default_credit_account_id/id', 'default_debit_account_id/id', 'name', 'type','instance_id/id','last_period_with_open_register_id/id']",OC,account.journal,,GL Journals - Registers (HQ),Valid,,270
msf_sync_data_server.gl_journals_registers_coordo,FALSE,TRUE,FALSE,TRUE,bidirectional,Down,"['|',('type', '=', 'cash'),('type', '=', 'cheque'),('instance_id.level', '=', 'coordo')]","['bank_journal_id/id','analytic_journal_id/id', 'code', 'currency/id', 'default_credit_account_id/id', 'default_debit_account_id/id', 'name', 'type','instance_id/id', 'last_period_with_open_register_id/id']",MISSION,account.journal,,GL Journals - Registers (Coordo),Valid,,271
msf_sync_data_server.gl_journals_registers,TRUE,TRUE,FALSE,TRUE,bidirectional,Bidirectional,"['|',('type', '=', 'cash'),('type', '=', 'cheque')]","['bank_journal_id/id','analytic_journal_id/id', 'code', 'currency/id', 'default_credit_account_id/id', 'default_debit_account_id/id', 'name', 'type','instance_id/id', 'inactivation_date', 'last_period_with_open_register_id/id']",HQ + MISSION,account.journal,instance_id,GL Journals - Registers,Valid,,272
msf_sync_data_server.gl_journals_registers_active,TRUE,TRUE,FALSE,TRUE,bidirectional,Bidirectional,"['|',('type', '=', 'cash'),('type', '=', 'cheque')]","['is_active']",HQ + MISSION,account.journal,instance_id,GL Journals - Registers Active,Valid,,1590
msf_sync_data_server.unidata_country,TRUE,TRUE,FALSE,TRUE,bidirectional,Down,"[]","['name']",HQ + MISSION,unidata.country,,UniData Country,Valid,,275
msf_sync_data_server.unifield_instance,TRUE,TRUE,FALSE,TRUE,bidirectional,Down,"[]","['instance_id/id', 'country_id/id']",HQ + MISSION,unifield.instance,,Unifield Instance,Valid,,279
msf_sync_data_server.unidata_project,TRUE,TRUE,FALSE,TRUE,bidirectional,Down,"[]","['name', 'code', 'country_id/id', 'instance_id/id', 'msfid', 'unifield_instance_id/id']",HQ + MISSION,unidata.project,,UniData Project,Valid,,280
msf_sync_data_server.section_partner,TRUE,TRUE,FALSE,TRUE,bidirectional,Down,"[('partner_type' , '=' , 'esc')]","['comment', 'credit_limit', 'customer', 'customer_lt', 'lang', 'manufacturer', 'name', 'partner_type', 'po_by_project', 'procurement_lt', 'property_account_payable/id', 'property_account_position/id', 'property_account_receivable/id', 'property_payment_term/id', 'property_product_pricelist/id', 'property_product_pricelist_purchase/id', 'property_stock_customer/id', 'property_stock_supplier/id', 'ref', 'split_po', 'supplier', 'supplier_lt', 'transport_0', 'transport_0_lt', 'transport_1', 'transport_1_lt', 'transport_2', 'transport_2_lt', 'transporter', 'zone', 'legal_name']",OC,res.partner,,Section Partner,Valid,"{'active':False}",300
msf_sync_data_server.section_partner_tree,TRUE,TRUE,FALSE,TRUE,bidirectional,Down,"[('partner_type','=','esc') , ('parent_id', '!=', '')]",['parent_id/id'],OC,res.partner,,Section Partner Tree,Valid,,301
msf_sync_data_server.section_partner_address,TRUE,TRUE,FALSE,TRUE,bidirectional,Down,"[('partner_id' , 'in' , ('res.partner' , 'id' , [('partner_type','=','esc')]))]","['active', 'city', 'country_id/id', 'email', 'fax', 'function', 'mobile', 'name', 'partner_id/id', 'phone', 'state_id/id', 'street', 'street2', 'title/id', 'type', 'zip']",OC,res.partner.address,,Section Partner Address,Valid,,302
msf_sync_data_server.intersection_partner,TRUE,TRUE,FALSE,TRUE,bidirectional,Down,"['|', ('active', '=', ''), ('active', '!=', ''),('partner_type' , '=' , 'section')]","['customer', 'manufacturer', 'name', 'partner_type', 'property_account_payable/id', 'property_account_receivable/id', 'ref', 'supplier', 'transporter', 'property_product_pricelist/id', 'property_product_pricelist_purchase/id', 'donation_payable_account/id', 'legal_name']",OC,res.partner,,Intersection Partner,Valid,"{'customer': True, 'supplier': True, 'active': False}",306
msf_sync_data_server.intersection_partner_tree,TRUE,TRUE,FALSE,TRUE,bidirectional,Down,"['|', ('active', '=', ''), ('active', '!=', ''),('partner_type','=','section') , ('parent_id', '!=', '')]",['parent_id/id'],OC,res.partner,,Intersection Partner Tree,Valid,,307
msf_sync_data_server.intersection_partner_address,TRUE,TRUE,FALSE,TRUE,bidirectional,Down,"['|', ('active', '=', ''), ('active', '!=', ''),('partner_id' , 'in' , ('res.partner' , 'id' , [('partner_type','=','section')]))]","['active', 'city', 'country_id/id', 'email', 'fax', 'function', 'mobile', 'name', 'partner_id/id', 'phone', 'state_id/id', 'street', 'street2', 'title/id', 'type', 'zip', 'office_name']",OC,res.partner.address,,Intersection Partner Address,Valid,,308
msf_sync_data_server.external_partner,TRUE,TRUE,FALSE,TRUE,bidirectional,Bidirectional,"[('partner_type' , '=' , 'external'),('name','!=','Local Market')]","['name', 'partner_type', 'property_account_receivable/id', 'property_account_payable/id', 'ref', 'customer','supplier','zone', 'lang', 'property_product_pricelist/id', 'property_product_pricelist_purchase/id', 'donation_payable_account/id', 'po_by_project', 'manufacturer', 'transporter', 'legal_name']",HQ + MISSION,res.partner,,External Partner,Valid,"{'active':False}",309
msf_sync_data_server.external_partner_tree,TRUE,TRUE,FALSE,TRUE,bidirectional,Bidirectional,"[('partner_type' , '=' , 'external'),('name','!=','Local Market'), ('parent_id', '!=', '')]",['parent_id/id'],HQ + MISSION,res.partner,,External Partner Tree,Valid,,310
msf_sync_data_server.external_partner_address,TRUE,TRUE,FALSE,TRUE,bidirectional,Bidirectional,"['|', ('active', '=', ''), ('active', '!=', ''),('partner_id' , 'in' , ('res.partner' , 'id' , [('partner_type' , '=' , 'external')]))]","['active', 'city', 'country_id/id', 'email', 'fax', 'function', 'mobile', 'name', 'partner_id/id', 'phone', 'state_id/id', 'street', 'street2', 'title/id', 'type', 'zip']",HQ + MISSION,res.partner.address,,External Partner Address,Valid,,311
msf_sync_data_server.internal_partner,TRUE,TRUE,FALSE,TRUE,bidirectional,Bidirectional,"['|', ('active', '=', ''), ('active', '!=', ''),('partner_type' , '=' , 'internal')]","['comment', 'credit_limit', 'customer', 'customer_lt', 'lang', 'manufacturer', 'name', 'partner_type', 'po_by_project', 'procurement_lt', 'property_account_payable/id', 'property_account_position/id', 'property_account_receivable/id', 'property_payment_term/id', 'property_stock_customer/id', 'property_stock_supplier/id', 'ref', 'supplier', 'supplier_lt', 'transport_0', 'transport_0_lt', 'transport_1', 'transport_1_lt', 'transport_2', 'transport_2_lt', 'transporter', 'property_product_pricelist/id', 'property_product_pricelist_purchase/id', 'legal_name']",MISSION,res.partner,,Internal Partner,Valid,"{'active': True, 'customer': True, 'supplier': True, 'partner_type': 'internal'}",312
msf_sync_data_server.internal_partner_tree,TRUE,TRUE,FALSE,TRUE,bidirectional,Bidirectional,"['|', ('active', '=', ''), ('active', '!=', ''),('partner_type' , '=' , 'internal'), ('parent_id', '!=', '')]",['parent_id/id'],MISSION,res.partner,,Internal Partner Tree,Valid,,313
msf_sync_data_server.internal_partner_address,TRUE,TRUE,FALSE,TRUE,bidirectional,Bidirectional,"['|', ('active', '=', ''), ('active', '!=', ''),('partner_id' , 'in' , ('res.partner' , 'id' , [('partner_type' , '=' , 'internal')]))]","['active', 'city', 'country_id/id', 'email', 'fax', 'function', 'mobile', 'name', 'partner_id/id', 'phone', 'state_id/id', 'street', 'street2', 'title/id', 'type', 'zip']",MISSION,res.partner.address,,Internal Partner Address,Valid,,314
msf_sync_data_server.intermission_partner,TRUE,TRUE,FALSE,TRUE,bidirectional,Down,"['|', ('active', '=', ''), ('active', '!=', ''),('partner_type' , '=' , 'intermission')]","['customer', 'manufacturer', 'name', 'partner_type', 'property_account_payable/id', 'property_account_receivable/id', 'ref', 'supplier', 'transporter', 'legal_name']",OC,res.partner,,Intermission Partner,Valid,"{'customer': True, 'supplier': True, 'active': False}",320
msf_sync_data_server.intermission_partner_tree,TRUE,TRUE,FALSE,TRUE,bidirectional,Down,"['|', ('active', '=', ''), ('active', '!=', ''),('partner_type' , '=' , 'intermission'), ('parent_id', '!=', '')]",['parent_id/id'],OC,res.partner,,Intermission Partner Tree,Valid,,321
msf_sync_data_server.intermission_partner_address,TRUE,TRUE,FALSE,TRUE,bidirectional,Down,"['|', ('active', '=', ''), ('active', '!=', ''),('partner_id' , 'in' , ('res.partner' , 'id' , [('partner_type' , '=' , 'intermission')]))]","['active', 'city', 'country_id/id', 'email', 'fax', 'function', 'mobile', 'name', 'partner_id/id', 'phone', 'state_id/id', 'street', 'street2', 'title/id', 'type', 'zip', 'office_name']",OC,res.partner.address,,Intermission Partner Address,Valid,,322
msf_sync_data_server.payment_method,FALSE,TRUE,FALSE,TRUE,bidirectional,Bidirectional,"[]","['name']",HQ + MISSION,hr.payment.method,,Payment Method,Valid,,328
msf_sync_data_server.payment_method2,TRUE,TRUE,TRUE,TRUE,bidirectional,Down,"[]","['name']",OC,hr.payment.method,,Payment Method,Valid,,329
msf_sync_data_server.job_description,TRUE,TRUE,FALSE,TRUE,bidirectional,Bidirectional,[],"['code', 'description', 'expected_employees', 'name', 'requirements', 'state']",HQ + MISSION,hr.job,,Job Description,Valid,,330
msf_sync_data_server.expatriate_employees,TRUE,TRUE,FALSE,TRUE,bidirectional,Down,"[('employee_type','=','ex'),('name','!=','Administrator')]","['birthday', 'code', 'cost_center_id/id', 'country_id/id', 'destination_id/id','employee_type', 'filter_for_third_party', 'free1_id/id', 'free2_id/id', 'funding_pool_id/id', 'gender', 'homere_codeterrain', 'homere_id_staff', 'homere_id_unique', 'homere_uuid_key', 'identification_id', 'job_name', 'marital/id', 'mobile_phone', 'name', 'name_resource', 'notes', 'passport_id', 'private_phone', 'resource_type', 'sinid', 'ssnid', 'work_email', 'work_location', 'work_phone', 'instance_creator', 'section_code', 'expat_creation_date', 'not_to_be_used']",HQ + MISSION,hr.employee,,Expatriate Employees,Valid,,331
msf_sync_data_server.expatriate_employees_tree,FALSE,TRUE,FALSE,TRUE,bidirectional,Bidirectional,"[('parent_id', '!=', '')]",['parent_id/id'],HQ + MISSION,hr.employee,,Expatriate Employees Tree,Valid,,332
msf_sync_data_server.expatriate_employees_activation,TRUE,TRUE,FALSE,TRUE,bidirectional,Down,"[('employee_type','=','ex'),('name','!=','Administrator')]",['active'],MISSION,hr.employee,,Expatriate Employees Activation,Valid,,333
msf_sync_data_server.expatriate_employees_coach,FALSE,TRUE,FALSE,FALSE,bidirectional,Bidirectional,"[('coach_id', '!=', '')]",['coach_id/id'],HQ + MISSION,hr.employee,,Expatriate Employees Coach,Valid,,334
msf_sync_data_server.local_employees,TRUE,TRUE,FALSE,TRUE,bidirectional,Bidirectional,"[('employee_type','=','local'),('name','!=','Administrator')]","['birthday', 'code', 'cost_center_id/id', 'destination_id/id', 'employee_type', 'filter_for_third_party', 'free1_id/id', 'free2_id/id', 'funding_pool_id/id', 'gender', 'homere_codeterrain', 'homere_id_staff', 'homere_id_unique', 'homere_uuid_key', 'identification_id', 'job_name', 'marital/id', 'mobile_phone', 'name', 'name_resource', 'notes', 'passport_id', 'private_phone', 'resource_type', 'sinid', 'ssnid', 'work_email', 'work_location', 'work_phone', 'contract_start_date', 'contract_end_date', 'payment_method_id/id', 'bank_name', 'bank_account_number', 'instance_creator']",HQ + MISSION,hr.employee,,Local Employees,Valid,"{'active': False}",335
msf_sync_data_server.register,TRUE,TRUE,FALSE,FALSE,bidirectional,Bidirectional-Private,"[('state','!=','draft'),('instance_id' , 'in' , ('msf.instance' , 'id' , [('level' , '=' , 'project')]))]","['balance_end_real', 'closing_date', 'comments', 'date', 'instance_id/id', 'journal_id/id', 'name', 'notes', 'open_advance_amount', 'period_id/id','closing_balance_frozen','closing_balance_frozen_date','unrecorded_expenses_amount', 'register_closed_by']",MISSION,account.bank.statement,instance_id,Register,Valid,,400
msf_sync_data_server.register_line,TRUE,TRUE,TRUE,FALSE,bidirectional,Bidirectional-Private,"[('instance_id' , 'in' , ('msf.instance' , 'id' , [('level' , '=' , 'project')])),('statement_id','in',('account.bank.statement','id',[('state','!=','draft')])),'!',('state','=','draft')]","['account_id/id', 'amount_in', 'amount_out', 'analytic_distribution_id/id', 'cheque_number', 'date', 'direct_invoice', 'direct_state', 'document_date', 'employee_id/id', 'instance_id/id', 'name', 'note', 'partner_id/id', 'reconciled', 'ref', 'sequence', 'statement_id/id', 'transfer_amount','transfer_journal_id/id', 'type', 'from_cash_return']",MISSION,account.bank.statement.line,instance_id,Register Line,Valid,,401
msf_sync_data_server.register_cashbox_line_starting,TRUE,TRUE,TRUE,FALSE,bidirectional,Bidirectional-Private,"[('instance_id' , 'in' , ('msf.instance' , 'id' , [('level' , '=' , 'project')])),('starting_id','in',('account.bank.statement','id',[('state','!=','draft')])),('starting_id', '!=', ''),('ending_id', '=', '')]","['instance_id/id', 'number', 'pieces', 'starting_id/id']",MISSION,account.cashbox.line,instance_id,Register Cashbox Line (starting),Valid,,402
msf_sync_data_server.register_status,TRUE,TRUE,FALSE,FALSE,bidirectional,Bidirectional-Private,"[('state','!=','draft'),('instance_id' , 'in' , ('msf.instance' , 'id' , [('level' , '=' , 'project')]))]","['instance_id/id', 'state', 'balance_start']",MISSION,account.bank.statement,instance_id,Register Status,Valid,,1403
msf_sync_data_server.register_cashbox_line_ending,TRUE,TRUE,FALSE,FALSE,bidirectional,Bidirectional-Private,"[('instance_id' , 'in' , ('msf.instance' , 'id' , [('level' , '=' , 'project')])),('ending_id','in',('account.bank.statement','id',[('state','!=','draft')])),('starting_id', '=', ''),('ending_id', '!=', '')]","['ending_id/id', 'instance_id/id', 'number', 'pieces']",MISSION,account.cashbox.line,instance_id,Register Cashbox Line (ending),Valid,,404
msf_sync_data_server.account_move_reconcile,FALSE,TRUE,TRUE,FALSE,bidirectional,Bidirectional,[],"['name', 'type', 'is_multi_instance', 'multi_instance_level_creation', 'instance_id', 'nb_partial_legs']",HQ + MISSION,account.move.reconcile,,Account Move Reconcile,Valid,,410
msf_sync_data_server.register_line_deleted,TRUE,TRUE,FALSE,FALSE,bidirectional,Bidirectional-Private,"[('instance_id' , 'in' , ('msf.instance' , 'id' , [('level' , '=' , 'project')]))]","['statement_id/id', 'sequence','instance_id/id']",MISSION,account.bank.statement.line.deleted,instance_id,Register Deleted Line,Valid,,405
msf_sync_data_server.account_move,TRUE,TRUE,TRUE,FALSE,bidirectional,Bidirectional-Private,[],"['date', 'document_date', 'imported', 'journal_id/id', 'name', 'narration', 'period_id/id', 'ref', 'statement_line_ids/id', 'to_check','instance_id/id','status','employee_id/id','transfer_journal_id/id','manual_currency_id/id','block_manual_currency_id','partner_id2/id','analytic_distribution_id/id', 'register_line_id/id']",HQ + MISSION,account.move,instance_id,Account Move,Valid,,411
msf_sync_data_server.account_move_line,TRUE,TRUE,TRUE,FALSE,bidirectional,Bidirectional-Private,[],"['account_id/id', 'accrual', 'analytic_account_id/id', 'analytic_distribution_id/id', 'blocked', 'cheque_number','corrected', 'credit', 'credit_currency', 'currency_id/id', 'date_created', 'date_maturity', 'debit', 'debit_currency', 'document_date', 'employee_id/id', 'have_an_historic', 'instance_id/id', 'is_addendum_line', 'is_counterpart', 'is_transfer_with_change', 'is_write_off', 'journal_id/id', 'last_cor_was_only_analytic', 'move_id/id', 'name', 'partner_id/id','partner_txt','period_id/id', 'ref', 'reversal', 'source_date', 'statement_id/id', 'reference', 'state','transfer_journal_id/id', 'transfer_amount', 'is_downpayment', 'is_revaluated_ok', 'is_manually_corrected', 'is_si_refund', 'product_id/id', 'quantity']",HQ + MISSION,account.move.line,instance_id,Account Move Line,Valid,,412
msf_sync_data_server.account_move_line_correction,TRUE,TRUE,FALSE,FALSE,bidirectional,Bidirectional-Private,"[]","['corrected_line_id/id', 'instance_id/id', 'reversal_line_id/id', 'corrected_upstream']",HQ + MISSION,account.move.line,instance_id,Account Move Line Correction,Valid,,413
msf_sync_data_server.account_move_line_register_line,TRUE,TRUE,FALSE,FALSE,bidirectional,Bidirectional-Private,[],"['corrected_st_line_id/id', 'instance_id/id', 'partner_register_line_id/id', 'counterpart_transfer_st_line_id/id', 'counterpart_transfer_st_line_sdref', 'has_a_counterpart_transfer']",MISSION,account.move.line,instance_id,Account Move Line / Register Line,Valid,,414
msf_sync_data_server.register_line_account_move_line,TRUE,TRUE,FALSE,FALSE,bidirectional,Bidirectional-Private,"[('instance_id' , 'in' , ('msf.instance' , 'id' , [('level' , '=' , 'project')])),('statement_id','in',('account.bank.statement','id',[('state','!=','draft')])),'!',('state','=','draft')]","['direct_invoice_move_id/id', 'first_move_line_id/id', 'from_import_cheque_id/id', 'imported_invoice_line_ids/id','instance_id/id', 'cash_return_move_line_id/id', 'advance_invoice_move_id/id', 'counterpart_transfer_st_line_id/id', 'counterpart_transfer_st_line_sdref', 'has_a_counterpart_transfer']",MISSION,account.bank.statement.line,instance_id,Register Line / Account Move Line,Valid,,415
msf_sync_data_server.account_move_state,TRUE,TRUE,FALSE,FALSE,bidirectional,Bidirectional-Private,[],"['instance_id/id', 'state']",HQ + MISSION,account.move,instance_id,Account Move State,Valid,,416
msf_sync_data_server.account_move_line_corrected_upstream,FALSE,TRUE,FALSE,FALSE,bidirectional,Bidirectional-Private,[],"['corrected_upstream', 'instance_id/id']",HQ + MISSION,account.move.line,instance_id,Account Move Line Corrected Upstream,Valid,,417
msf_sync_data_server.account_move_unreconcile,TRUE,TRUE,TRUE,FALSE,bidirectional,Bidirectional,"[]","['unreconcile_date', 'delete_reconcile_txt', 'move_sdref_txt', 'reconcile_sdref']",HQ + MISSION,account.move.unreconcile,,Account Move UnReconcile,Valid,,423
msf_sync_data_server.account_move_reconcile,TRUE,TRUE,FALSE,FALSE,bidirectional,Bidirectional,"[]","['name', 'type', 'is_multi_instance', 'multi_instance_level_creation', 'instance_id', 'nb_partial_legs', 'line_id/id', 'line_partial_ids/id', 'action_date']",HQ + MISSION,account.move.reconcile,,Account Move Reconcile,Valid,,424
msf_sync_data_server.analytical_line,TRUE,TRUE,TRUE,FALSE,bidirectional,Bidirectional-Private,"[('account_id.category', '=', 'FUNDING')]","['from_commitment_line', 'account_id/id', 'amount', 'amount_currency','correction_date', 'code', 'cost_center_id/id', 'currency_id/id', 'date', 'destination_id/id', 'distrib_line_id', 'distribution_id/id', 'document_date', 'general_account_id/id', 'instance_id/id', 'is_reallocated', 'is_reversal', 'ad_updated', 'journal_id/id', 'move_id/id', 'name', 'partner_txt', 'ref', 'reversal_origin/id', 'source_date', 'entry_sequence', 'real_period_id/id']",HQ + MISSION,account.analytic.line,cost_center_id,Analytical Line,Valid,,420
msf_sync_data_server.analytical_line_free,TRUE,TRUE,FALSE,FALSE,bidirectional,Up,"[('account_id.category', 'in', ['FREE1', 'FREE2'])]","['account_id/id', 'amount', 'amount_currency', 'code', 'currency_id/id', 'date', 'distrib_line_id', 'correction_date','document_date', 'general_account_id/id', 'instance_id/id', 'is_reallocated', 'is_reversal', 'ad_updated', 'journal_id/id', 'move_id/id', 'name', 'partner_txt', 'ref', 'reversal_origin/id', 'source_date', 'entry_sequence', 'real_period_id/id', 'distribution_id/id']",MISSION,account.analytic.line,,Analytic Line (Free 1 and Free 2),Valid,,421
msf_sync_data_server.analytical_line_correction,TRUE,TRUE,FALSE,FALSE,bidirectional,Bidirectional-Private,"[('account_id.category', '=', 'FUNDING'), ('imported_commitment','=',False)]","['last_corrected_id/id', 'cost_center_id/id', 'reversal_origin/id']",HQ + MISSION,account.analytic.line,cost_center_id,Analytical Line,Valid,,422
msf_sync_data_server.decision_moment,TRUE,TRUE,TRUE,TRUE,bidirectional,Down,[],"['name', 'order']",HQ + MISSION,msf.budget.decision.moment,,Decision Moment,Valid,,429
msf_sync_data_server.budget,TRUE,TRUE,FALSE,FALSE,bidirectional,Up,"[('type','=','normal'), ('state', '!=', 'draft')]","['code', 'cost_center_id/id', 'currency_id/id', 'decision_moment_id/id', 'decision_moment_order', 'fiscalyear_id/id', 'name', 'type', 'version']",OC,msf.budget,,Budget,Valid,,430
msf_sync_data_server.budget_line,TRUE,TRUE,FALSE,FALSE,bidirectional,Up,"[('budget_id','in',('msf.budget','id',[('type','=','normal'), ('state', '!=', 'draft')]))]","['account_id/id', 'budget_id/id', 'month1', 'month2', 'month3', 'month4', 'month5', 'month6', 'month7', 'month8', 'month9', 'month10', 'month11', 'month12', 'destination_id/id', 'line_type']",OC,msf.budget.line,,Budget line,Valid,,431
msf_sync_data_server.budget_status,TRUE,TRUE,FALSE,FALSE,bidirectional,Up,"[('type','=','normal'), ('state', '!=', 'draft')]",['state'],OC,msf.budget,,Budget status,Valid,,432
msf_sync_data_server.mission_stock_report,TRUE,TRUE,FALSE,FALSE,bidirectional,Up,"[('full_view', '=', False), ('local_report', '=', True)]","['full_view', 'instance_id/id', 'last_update', 'name']",OC,stock.mission.report,,Mission Stock Report,Valid,,440
msf_sync_data_server.mission_stock_report_line,TRUE,TRUE,FALSE,FALSE,bidirectional,Up,"[('mission_report_id.full_view', '=', False), ('mission_report_id.local_report', '=', True), ('international_status','in',['Local', 'Temporary'])]","['cross_qty', 'cross_val', 'cu_qty', 'cu_val', 'in_pipe_coor_qty', 'in_pipe_coor_val', 'in_pipe_qty', 'in_pipe_val', 'internal_qty', 'internal_val', 'mission_report_id/id', 'product_id/id', 'secondary_qty', 'secondary_val', 'eprep_qty', 'stock_qty', 'stock_val', 'xmlid_code', 'product_state', 'product_active', 'state_ud', 'international_status_code', 'product_amc', 'product_consumption', 'quarantine_qty', 'input_qty', 'opdd_qty', 'used_in_transaction']",MISSION,stock.mission.report.line,,Mission Stock Report Line,Valid,,441
msf_sync_data_server.mission_stock_report_line_OC,TRUE,TRUE,FALSE,FALSE,bidirectional,Up,"[('mission_report_id.full_view', '=', False), ('mission_report_id.local_report', '=', True), ('international_status','in',['ITC', 'UniData', 'ESC', 'HQ'])]","['cross_qty', 'cross_val', 'cu_qty', 'cu_val', 'in_pipe_coor_qty', 'in_pipe_coor_val', 'in_pipe_qty', 'in_pipe_val', 'internal_qty', 'internal_val', 'mission_report_id/id', 'product_id/id', 'secondary_qty', 'secondary_val', 'eprep_qty', 'stock_qty', 'stock_val', 'xmlid_code', 'product_state', 'product_active', 'state_ud', 'international_status_code', 'product_amc', 'product_consumption', 'quarantine_qty', 'input_qty', 'opdd_qty', 'used_in_transaction']",OC,stock.mission.report.line,,Mission Stock Report Line OC,Valid,,442
msf_sync_data_server.financing_contract_formats_fc,TRUE,TRUE,FALSE,TRUE,bidirectional,Bidirectional-Private,[],"['cost_center_ids/id', 'eligibility_from_date', 'eligibility_to_date', 'format_name', 'overhead_percentage', 'overhead_type', 'reporting_type', 'hidden_instance_id/id']",HQ + MISSION,financing.contract.format,hidden_instance_id,Financing Contract Formats FC,Valid,,450
msf_sync_data_server.financing_contract_formats,TRUE,TRUE,TRUE,TRUE,bidirectional,Bidirectional,"[('hidden_instance_id','=',False)]","['hidden_instance_id/id','cost_center_ids/id', 'eligibility_from_date', 'eligibility_to_date', 'format_name', 'overhead_percentage', 'overhead_type', 'reporting_type']",HQ + MISSION,financing.contract.format,,Financing Contract Formats,Valid,,451
msf_sync_data_server.financing_contract_format_lines,TRUE,TRUE,TRUE,TRUE,bidirectional,Bidirectional,"[('instance_id', '=', False)]","['account_destination_ids/id', 'instance_id/id','allocated_budget_value', 'allocated_real_value', 'code', 'format_id/id', 'line_type', 'name', 'overhead_percentage', 'overhead_type', 'project_budget_value', 'project_real_value', 'is_quadruplet', 'quadruplet_sync_list', 'reporting_select_accounts_only', 'reporting_account_ids/id']",HQ + MISSION,financing.contract.format.line,,Financing Contract Format Lines,Valid,,452
msf_sync_data_server.financing_contract_format_lines_tree,TRUE,TRUE,FALSE,TRUE,bidirectional,Bidirectional,"[('parent_id', '!=', ''), ('instance_id', '=', False)]",['parent_id/id'],HQ + MISSION,financing.contract.format.line,,Financing Contract Format Lines Tree,Valid,,453
msf_sync_data_server.donors,TRUE,TRUE,TRUE,TRUE,bidirectional,Bidirectional,[],"['active', 'code', 'format_id/id', 'name', 'reporting_currency/id']",HQ + MISSION,financing.contract.donor,,Donors,Valid,,454
msf_sync_data_server.financing_contract,TRUE,TRUE,TRUE,TRUE,bidirectional,Bidirectional-Private,[],"['code', 'currency_table_id/id', 'donor_grant_reference', 'donor_id/id', 'eligibility_from_date', 'eligibility_to_date', 'format_id/id', 'grant_amount', 'hard_closed_date', 'hq_grant_reference', 'name', 'notes', 'open_date', 'reporting_currency/id', 'soft_closed_date', 'state', 'instance_id/id']",HQ + MISSION,financing.contract.contract,instance_id,Financing Contract,Valid,,455
msf_sync_data_server.financing_contract_fp_line,TRUE,TRUE,TRUE,TRUE,bidirectional,Bidirectional-Private,[],"['contract_id/id', 'funded', 'funding_pool_id/id', 'total_project', 'instance_id/id']",HQ + MISSION,financing.contract.funding.pool.line,instance_id,Financing Contract FP Line,Valid,,456
msf_sync_data_server.financing_contract_format_lines_fc,TRUE,TRUE,FALSE,TRUE,bidirectional,Bidirectional-Private,[],"['account_destination_ids/id', 'allocated_budget_value', 'allocated_real_value', 'code', 'format_id/id', 'instance_id/id', 'line_type', 'name', 'overhead_percentage', 'overhead_type', 'project_budget_value', 'project_real_value', 'is_quadruplet', 'quadruplet_sync_list', 'reporting_select_accounts_only', 'reporting_account_ids/id']",HQ + MISSION,financing.contract.format.line,instance_id,Financing Contract Format Lines FC,Valid,,457
msf_sync_data_server.financing_contract_format_lines_tree_fc,TRUE,TRUE,FALSE,TRUE,bidirectional,Bidirectional-Private,"[('parent_id','!=','')]","['parent_id/id', 'instance_id/id']",HQ + MISSION,financing.contract.format.line,instance_id,Financing Contract Format Lines Tree FC,Valid,,458
msf_sync_data_server.country,TRUE,TRUE,FALSE,TRUE,bidirectional,Down,[],"['code', 'name']",OC,res.country,,Country,Valid,,500
msf_sync_data_server.state,TRUE,TRUE,FALSE,TRUE,bidirectional,Down,[],"['code', 'country_id/id', 'name']",OC,res.country.state,,State,Valid,,501
msf_sync_data_server.uom_categories,TRUE,TRUE,FALSE,TRUE,bidirectional,Down,[],['name'],OC,product.uom.categ,,UoM Categories,Valid,,510
msf_sync_data_server.uom,TRUE,TRUE,FALSE,TRUE,bidirectional,Down,[],"['category_id/id', 'factor', 'factor_inv', 'name', 'rounding', 'uom_type']",OC,product.uom,,UoM,Valid,,511
msf_sync_data_server.nomenclature,TRUE,TRUE,FALSE,TRUE,bidirectional,Down,[],"['level', 'name', 'type', 'msfid', 'sequence', 'status']",OC,product.nomenclature,,Nomenclature,Valid,,520
msf_sync_data_server.nomenclature_tree,TRUE,TRUE,FALSE,TRUE,bidirectional,Down,"[('parent_id', '!=', '')]",['parent_id/id'],OC,product.nomenclature,,Nomenclature Tree,Valid,,521
msf_sync_data_server.product_category,TRUE,TRUE,FALSE,TRUE,bidirectional,Down,[],"['active', 'donation_expense_account/id', 'family_id/id', 'name', 'property_account_expense_categ/id', 'property_account_income_categ/id', 'property_stock_account_input_categ/id', 'property_stock_account_output_categ/id', 'property_stock_journal/id', 'property_stock_variation/id', 'asset_bs_account_id/id', 'asset_bs_depreciation_account_id/id', 'asset_pl_account_id/id', 'type', 'msfid']",OC,product.category,,Product Category,Valid,,530
msf_sync_data_server.product_category_tree,TRUE,TRUE,FALSE,TRUE,bidirectional,Down,"[('parent_id', '!=', '')]",['parent_id/id'],OC,product.category,,Product Category Tree,Valid,,531
msf_sync_data_server.justification_code,TRUE,TRUE,FALSE,TRUE,bidirectional,Down,[],"['code', 'description']",OC,product.justification.code,,Justification Code,Valid,,540
msf_sync_data_server.asset_type,TRUE,TRUE,FALSE,TRUE,bidirectional,Down,"[('active', 'in', ['t', 'f'])]","['name', 'description', 'active']",OC,product.asset.type,,Asset Type,Valid,,550
msf_sync_data_server.asset_event_type,TRUE,TRUE,FALSE,TRUE,bidirectional,Down,"[('active', 'in', ['t', 'f'])]","['name', 'active', 'is_disposal', 'expense_account_id/id']",OC,product.asset.event.type,,Asset Event Type,Valid,,552
msf_sync_data_server.asset_useful_life,TRUE,TRUE,FALSE,TRUE,bidirectional,Down,[],"['asset_type_id/id', 'year', 'is_active']",OC,product.asset.useful.life,,Asset Useful Life,Valid,,555
msf_sync_data_server.product_asset,TRUE,TRUE,FALSE,TRUE,bidirectional,Up,"[('state', '=', 'open'), ('used_in_current_instance', '=', True), ('create_update_sent', '=', False)]","['name', 'asset_type_id/id', 'description', 'product_id/id', 'hq_ref', 'local_ref', 'comment', 'project_po', 'orig_mission_code', 'international_po', 'arrival_date', 'receipt_place', 'invo_date', 'invo_value', 'move_line_id/id', 'invo_currency/id', 'invo_supplier_id/id', 'invo_donator_code', 'invo_certif_depreciation', 'from_invoice', 'from_hq_entry',  'asset_bs_depreciation_account_id/id', 'asset_pl_account_id/id', 'useful_life_id/id', 'start_date', 'instance_id/id', 'used_instance_id/id', 'quantity_divisor', 'analytic_distribution_id/id', 'external_asset_id']",MISSION,product.asset,,Product Asset,Valid,,556
msf_sync_data_server.product_asset_state,TRUE,TRUE,FALSE,TRUE,bidirectional,Bidirectional-Private,"[('instance_level', '=', 'coordo'), ('state', 'in', ['open', 'depreciated', 'disposed', 'running'])]","['name', 'asset_type_id/id', 'description', 'product_id/id', 'hq_ref', 'local_ref', 'serial_nb', 'brand', 'type', 'model', 'year', 'comment', 'project_po', 'orig_mission_code', 'international_po', 'arrival_date', 'receipt_place', 'invo_date', 'invo_value', 'invo_donator_code', 'invo_certif_depreciation', 'from_invoice', 'from_hq_entry', 'asset_bs_depreciation_account_id/id', 'asset_pl_account_id/id', 'useful_life_id/id', 'start_date', 'quantity_divisor', 'instance_id/id', 'used_instance_id/id', 'state']",MISSION,product.asset,used_instance_id,Product Asset State,Valid,,557
msf_sync_data_server.product_asset_line,TRUE,TRUE,TRUE,TRUE,bidirectional,Bidirectional-Private,"[('asset_id.instance_level', '=', 'coordo'), ('asset_id.state', 'in', ['open', 'depreciated', 'disposed', 'running'])]","['date', 'amount', 'move_id/id', 'asset_bs_depreciation_account_id/id', 'asset_pl_account_id/id', 'asset_id/id', 'is_initial_line', 'used_instance_id', 'move_state']",MISSION,product.asset.line,used_instance_id,Product Asset Line,Valid,,562
msf_sync_data_server.pricelist_type,FALSE,TRUE,FALSE,FALSE,bidirectional,Bidirectional,[],"['key', 'name']",MISSION,product.pricelist.type,,Pricelist Type,Valid,,560
msf_sync_data_server.product_asset_owner,TRUE,TRUE,FALSE,TRUE,bidirectional,Up,"[('state', 'in', ['open', 'running', 'depreciated']), ('used_in_current_instance', '=', True), ('create_update_sent', '=', True)]","['serial_nb', 'brand', 'type', 'model', 'year', 'comment', 'project_po', 'project_po', 'international_po', 'arrival_date', 'receipt_place']",MISSION,product.asset,,Product Asset Owner,Valid,,558
msf_sync_data_server.product_asset_event_owner,TRUE,TRUE,TRUE,TRUE,bidirectional,Up,"[]","['date', 'location', 'proj_code', 'event_type_id/id', 'asset_id/id', 'instance_id/id']",MISSION,product.asset.event,,Product Asset Event,Valid,,559
msf_sync_data_server.price_list_version,FALSE,TRUE,FALSE,FALSE,bidirectional,Bidirectional,[],"['active', 'date_end', 'date_start', 'name', 'pricelist_id/id']",MISSION,product.pricelist.version,,Price List Version,Valid,,561
msf_sync_data_server.country_restrictions,TRUE,TRUE,FALSE,TRUE,bidirectional,Down,[],['name'],MISSION,res.country.restriction,,Country restrictions,Valid,,570
msf_sync_data_server.country_code_mapping,TRUE,TRUE,TRUE,TRUE,bidirectional,Down,[],"['instance_id/id', 'mapping_value']",COORDINATIONS,country.export.mapping,,Country Code Mapping,Valid,,571
msf_sync_data_server.oc_product_creator_itc_esc_hq,TRUE,TRUE,FALSE,TRUE,bidirectional,HQ Down,"['|','|','|',('international_status','=','UniData'),('international_status','=','ITC'),('international_status','=','ESC'),('international_status','=','HQ'), ('active', 'in', ['t','f'])]","['alert_time', 'batch_management', 'categ_id/id', 'closed_article', 'manufacturer_txt', 'manufacturer_ref', 'code', 'cold_chain/id', 'composed_kit', 'xmlid_code', 'cost_method', 'country_restriction/id', 'dangerous_goods', 'default_code', 'description', 'description2', 'gmdn_code', 'gmdn_description', 'heat_sensitive_item/id', 'international_status/id', 'justification_code_id/id', 'library', 'life_time', 'list_ids/id','med_device_class', 'name', 'name_template', 'controlled_substance', 'nomen_manda_0/id', 'nomen_manda_1/id', 'nomen_manda_2/id', 'nomen_manda_3/id', 'options_ids/id', 'perishable', 'procure_delay', 'procure_method', 'produce_delay', 'product_catalog_page', 'product_catalog_path', 'property_account_expense/id', 'property_account_income/id', 'property_stock_account_input/id', 'property_stock_account_output/id', 'restricted_country', 'short_shelf_life', 'single_use', 'sterilized', 'standard_price', 'sublist', 'subtype', 'asset_type_id', 'supply_method', 'type', 'un_code', 'hs_code', 'uom_id/id', 'uom_po_id/id','use_time', 'valuation', 'weight', 'weight_net', 'state', 'state_ud', 'old_code', 'new_code', 'function_value', 'form_value', 'fit_value', 'standard_ok', 'local_from_hq', 'transport_ok','volume', 'soq_quantity', 'soq_weight', 'soq_volume', 'msfid', 'oc_subscription', 'donation_expense_account/id', 'oc_validation', 'oc_validation_date', 'oc_devalidation_date', 'oc_devalidation_reason', 'oc_comments', 'oc_project_restrictions/id', 'oc_country_restrictions/id', 'level_source']",OC,product.product,,"OC Product (Creator = ITC, ESC, UniData or HQ)",Valid,,600
msf_sync_data_server.mission_product_creator_local,TRUE,TRUE,FALSE,TRUE,bidirectional,Down,"[('international_status','=','Local'), ('active', 'in', ['t','f'])]","['alert_time', 'batch_management', 'categ_id/id', 'closed_article', 'manufacturer_txt', 'manufacturer_ref', 'code', 'xmlid_code','cold_chain/id', 'composed_kit', 'cost_method', 'country_restriction/id', 'dangerous_goods', 'default_code', 'description', 'description2', 'description_purchase', 'description_sale', 'gmdn_code', 'gmdn_description', 'heat_sensitive_item/id', 'international_status/id', 'justification_code_id/id', 'library', 'life_time', 'list_ids/id','med_device_class', 'name', 'name_template', 'controlled_substance', 'nomen_manda_0/id', 'nomen_manda_1/id', 'nomen_manda_2/id', 'nomen_manda_3/id', 'options_ids/id', 'perishable', 'procure_delay', 'procure_method', 'produce_delay', 'product_catalog_page', 'product_catalog_path', 'property_account_expense/id', 'property_account_income/id', 'property_stock_account_input/id', 'property_stock_account_output/id', 'restricted_country', 'short_shelf_life', 'single_use', 'sterilized', 'standard_price', 'sublist', 'subtype', 'asset_type_id',  'supply_method', 'type', 'un_code', 'uom_id/id', 'uom_po_id/id','use_time', 'valuation', 'weight', 'weight_net', 'state', 'old_code', 'new_code', 'function_value', 'form_value', 'fit_value', 'standard_ok','transport_ok','volume', 'soq_quantity', 'soq_weight','soq_volume']",MISSION,product.product,,Mission Product (Creator = local),Valid,,601
msf_sync_data_server.oc_product_creator_itc_esc_hq_active,TRUE,TRUE,FALSE,TRUE,bidirectional,Down,"['|','|','|',('international_status','=','UniData'),('international_status','=','ITC'),('international_status','=','ESC'),('international_status','=','HQ'), ('active', 'in', ['t','f']), ('active_change_date', '!=', False)]","['active', 'local_from_hq', 'local_activation_from_merge']",OC,product.product,,"OC Product Active (Creator = ITC, ESC, UniData or HQ)",Valid,,602
msf_sync_data_server.mission_product_creator_local_active,TRUE,TRUE,FALSE,TRUE,bidirectional,Down,"[('international_status','=','Local'), ('active', 'in', ['t','f']), ('active_change_date', '!=', False),('replaced_by_product_id', '=', False)]","['active']",MISSION,product.product,,Mission Product Active (Creator = local),Valid,,603
msf_sync_data_server.ud_product_from_hq,TRUE,TRUE,FALSE,TRUE,bidirectional,Down,"[('international_status','=','UniData'), ('active', 'in', ['t','f'])]","['procure_method', 'soq_quantity', 'description_sale', 'description_purchase', 'level_source']",MISSION,product.product,,"UD Products from COO",Valid,,604
msf_sync_data_server.standard_product_list,TRUE,TRUE,TRUE,TRUE,bidirectional,Down,"[('standard_list_ok','=','True')]","['creation_date', 'creator', 'description', 'last_update_date', 'name', 'order_list_print_ok', 'ref', 'standard_list_ok', 'type']",OC,product.list,,Standard Product List,Valid,,605
msf_sync_data_server.merge_product,TRUE,TRUE,TRUE,TRUE,bidirectional,Down,"[]","['new_product_id/id', 'old_product_id/id', 'level']",MISSION,product.merged,,Merge Product to project,Valid,,608
msf_sync_data_server.merge_product_hq_coo,TRUE,TRUE,TRUE,TRUE,bidirectional,Down,"[('level', '=', 'section')]","['new_product_id/id', 'old_product_id/id', 'level']",COORDINATIONS,product.merged,,Merge Product to coo,Valid,,609
msf_sync_data_server.standard_product_list_line,TRUE,TRUE,TRUE,TRUE,bidirectional,Down,"[('list_id' , 'in', ('product.list', 'id', [('standard_list_ok','=','True')]))]","['comment','list_id/id','ref','name/id']",OC,product.list.line,,Standard Product List Line,Valid,,606
msf_sync_data_server.tax_code,TRUE,TRUE,FALSE,TRUE,bidirectional,Down,[],"['code', 'info', 'name', 'notprintable', 'sign']",OC,account.tax.code,,Tax Code,Valid,,610
msf_sync_data_server.tax_code_tree,TRUE,TRUE,FALSE,TRUE,bidirectional,Down,"[('parent_id','!=','')]",['parent_id/id'],OC,account.tax.code,,Tax Code Tree,Valid,,611
msf_sync_data_server.account_tax,TRUE,TRUE,FALSE,TRUE,bidirectional,Down,[],"['account_collected_id/id', 'account_paid_id/id', 'active', 'amount', 'applicable_type', 'base_code_id/id', 'base_sign', 'child_depend', 'description', 'domain', 'include_base_amount', 'name', 'price_include', 'ref_base_code_id/id', 'ref_base_sign', 'ref_tax_code_id/id', 'ref_tax_sign', 'sequence', 'tax_code_id/id', 'tax_sign', 'type', 'type_tax_use', 'partner_id/id']",OC,account.tax,,Account Tax,Valid,,612
msf_sync_data_server.account_tax_tree,TRUE,TRUE,FALSE,TRUE,bidirectional,Down,"[('parent_id','!=','')]",['parent_id/id'],OC,account.tax,,Account Tax Tree,Valid,,613
msf_sync_data_server.composition_kit,TRUE,TRUE,FALSE,TRUE,bidirectional,Down,"[('state','=','completed'),('composition_type','=','theoretical')]","['active', 'composition_creation_date', 'composition_description', 'composition_product_id/id', 'composition_type', 'composition_version', 'composition_version_txt', 'name', 'state']",OC,composition.kit,,Theoretical Kit Composition List,Valid,,620
msf_sync_data_server.composition_item,TRUE,TRUE,FALSE,TRUE,bidirectional,Down,"[('item_kit_id' , 'in' , ('composition.kit' , 'id' , [('state','=','completed'),('composition_type','=','theoretical')]))]","['item_kit_id/id', 'item_module', 'item_product_id/id', 'item_qty', 'item_uom_id/id']",OC,composition.item,,Theoretical Kit Composition List Line,Valid,,621
msf_sync_data_server.unidata_project_msl,TRUE,TRUE,FALSE,TRUE,bidirectional,Mission-Private,"[('publication_date', '!=', False), ('instance_id', '!=', False)]","['instance_id/id', 'publication_date', 'publication', 'unifield_instance_id/id']",OC,unidata.project,instance_id,MSL List,Valid,,630
msf_sync_data_server.unidata_project_product,TRUE,TRUE,FALSE,TRUE,bidirectional,Mission-Private,"[('msl_id.publication_date', '!=', False), ('msl_id.instance_id', '!=', False)]","['msl_id/id', 'product_id/id', 'deletion_date', 'creation_date', 'version', 'unifield_instance_id/id']",OC,product.msl.rel,msl_id,Products in MSL,Valid,,635
msf_sync_data_server.internal_catalogue,TRUE,TRUE,TRUE,TRUE,bidirectional,Down,"[('state','=','confirmed'),('active', 'in', ['t', 'f']),('partner_id' , 'in' , ('res.partner' , 'id' , [('partner_type','=','external')]))]","[ 'comment', 'currency_id/id', 'current', 'esc_update_ts', 'active', 'name', 'partner_id/id', 'period_from', 'period_to']",OC,supplier.catalogue,,External Supplier Catalogue,Valid,"{'state': 'confirmed'}",650
msf_sync_data_server.internal_catalogue_line,TRUE,TRUE,TRUE,TRUE,bidirectional,Down,"[('catalogue_id.state','=','confirmed'),('catalogue_id.partner_id' , 'in' , ('res.partner' , 'id' , [('partner_type','=','external')]))]","['catalogue_id/id', 'comment', 'line_number', 'line_uom_id/id', 'min_order_qty', 'min_qty', 'product_id/id', 'rounding', 'unit_price', 'product_code']",OC,supplier.catalogue.line,,External Supplier Catalogue Line,Valid,,651
msf_sync_data_server.esc_catalogue,TRUE,TRUE,FALSE,TRUE,bidirectional,Down,"[('state','=','confirmed'),('active', 'in', ['t', 'f']),('partner_id' , 'in' , ('res.partner' , 'id' , [('partner_type','=','esc')]))]","[ 'comment', 'currency_id/id', 'current', 'esc_update_ts', 'active', 'name', 'partner_id/id', 'period_from', 'period_to']",COORDINATIONS,supplier.catalogue,,ESC Supplier Catalogue,Valid,"{'state': 'confirmed'}",655
msf_sync_data_server.esc_catalogue_line,TRUE,TRUE,FALSE,TRUE,bidirectional,Down,"[('catalogue_id.state','=','confirmed'),('catalogue_id.partner_id' , 'in' , ('res.partner' , 'id' , [('partner_type','=','esc')]))]","['catalogue_id/id', 'comment', 'line_number', 'line_uom_id/id', 'min_order_qty', 'min_qty', 'product_id/id', 'rounding', 'unit_price', 'product_code']",COORDINATIONS,supplier.catalogue.line,,ESC Supplier Catalogue Lines,Valid,,656
msf_sync_data_server.coordo_catalogue,TRUE,TRUE,FALSE,TRUE,bidirectional,Down,"[('state','=','confirmed'),('active', 'in', ['t', 'f']),('partner_id' , 'in' , ('res.partner' , 'id' , [('is_coordo','=',True)]))]","[ 'comment', 'currency_id/id', 'current', 'esc_update_ts', 'active', 'name', 'partner_id/id', 'period_from', 'period_to']",MISSION,supplier.catalogue,,Coordo Supplier Catalogue,Valid,"{'state': 'confirmed'}",660
msf_sync_data_server.coordo_catalogue_line,TRUE,TRUE,FALSE,TRUE,bidirectional,Down,"[('catalogue_id.state','=','confirmed'),('catalogue_id.partner_id' , 'in' , ('res.partner' , 'id' , [('is_coordo','=',True)]))]","['catalogue_id/id', 'comment', 'line_number', 'line_uom_id/id', 'min_order_qty', 'min_qty', 'product_id/id', 'rounding', 'unit_price', 'product_code']",MISSION,supplier.catalogue.line,,Coordo Supplier Catalogue Lines,Valid,,661
msf_sync_data_server.user_groups,TRUE,TRUE,TRUE,TRUE,bidirectional,Down,"[('global_instance_level', '=', 'section')]","['comment', 'name', 'is_an_admin_profile', 'level']",OC,res.groups,,User Groups,Valid,,700
msf_sync_data_server.ACL,FALSE,TRUE,TRUE,TRUE,bidirectional,Down,[],"['group_id/id', 'model_id/id', 'name', 'perm_create', 'perm_read', 'perm_unlink', 'perm_write']",OC,ir.model.access,,Access Control Lists,Valid,,701
msf_sync_data_server.ACLv2,FALSE,TRUE,TRUE,TRUE,bidirectional,Down,[],"['group_id/id', 'model_id/id', 'name', 'perm_create', 'perm_read', 'perm_unlink', 'perm_write']",OC,ir.model.access,,Access Control Lists,Valid,,707
msf_sync_data_server.record_rules,FALSE,TRUE,TRUE,TRUE,bidirectional,Down,[],"['domain_force', 'global', 'groups/id', 'model_id/id', 'name', 'perm_create', 'perm_read', 'perm_unlink', 'perm_write']",OC,ir.rule,,Record Rules,Valid,,702
msf_sync_data_server.access_rights_header,FALSE,TRUE,TRUE,TRUE,bidirectional,Down,[],"['active', 'comment', 'domain_id/id', 'domain_text', 'family_model_ids/id', 'group_ids/id', 'instance_level', 'model_id/id', 'model_name', 'name', 'status']",OC,msf_field_access_rights.field_access_rule,,Field Access Rules,Valid,,703
msf_sync_data_server.access_rights_lines,FALSE,TRUE,TRUE,TRUE,bidirectional,Down,[],"['field/id', 'field_access_rule/id', 'field_access_rule_model_id', 'field_name', 'value_not_synchronized_on_create', 'value_not_synchronized_on_write', 'write_access']",OC,msf_field_access_rights.field_access_rule_line,,Field Access Rule Lines,Valid,,704
msf_sync_data_server.button_access_rules,FALSE,TRUE,FALSE,TRUE,bidirectional,Down,"[('is_remote_wh', '=', False)]","['active', 'comment', 'group_ids/id', 'group_names', 'label', 'model_id/id', 'name', 'type', 'view_id/id']",OC,msf_button_access_rights.button_access_rule,,Button Access Rules,Valid,,705
msf_sync_data_server.button_access_rules2,FALSE,TRUE,FALSE,TRUE,bidirectional,Down,"[('is_remote_wh', '=', False)]","['active', 'comment', 'group_ids/id', 'group_names', 'label', 'model_id/id', 'name', 'type', 'view_id/id', 'xmlname', 'bar_type']",OC,msf_button_access_rights.button_access_rule,,Button Access Rules,Valid,,715
msf_sync_data_server.window_actions,FALSE,TRUE,FALSE,TRUE,bidirectional,Down,"[('res_model','!=','audittrail.log.line'), ('is_remote_wh', '=', False)]",['groups_id/id'],OC,ir.actions.act_window,,Window Action groups,Valid,,706
msf_sync_data.sync_monitor,TRUE,TRUE,FALSE,FALSE,bidirectional,Up,"[('status', '=', 'ok'),('instance_id', '!=', False)]","['instance_id/id', 'nb_msg_pull', 'nb_data_pull', 'nb_msg_push', 'nb_data_push', 'nb_msg_not_run', 'nb_data_not_run', 'start', 'end', 'destination_instance_id/id']",OC,sync.monitor,destination_instance_id,Sync Monitor,Valid,,720
msf_sync_data.sync_version_instance_monitor,TRUE,TRUE,FALSE,FALSE,bidirectional,Up,[],"['backup_date', 'backup_path', 'backup_size', 'instance_id/id', 'version', 'postgresql_disk_space', 'unifield_disk_space', 'cloud_date', 'cloud_backup', 'cloud_size', 'nb_late_vi', 'vi_details', 'backup_type', 'wal_directory', 'ssh_config_dir', 'basebackup_date', 'rsync_date', 'machine', 'platform', 'processor']",OC,sync.version.instance.monitor,,Sync Version Instance Monitor,Valid,,725
msf_sync_data_server.trigger_something,TRUE,TRUE,TRUE,TRUE,cp_to_rw,Down,"[]","['name']",OC,sync.trigger.something,,Trigger Something,Valid,,11
msf_sync_data_server.trigger_something_bidir_mission,TRUE,TRUE,TRUE,TRUE,bidirectional,Bidirectional,"[]","['name', 'args']",HQ + MISSION,sync.trigger.something.bidir_mission,,Trigger Something Bidir Mission,Valid,,1210
msf_sync_data.msf_instance_cloud,TRUE,TRUE,FALSE,FALSE,bidirectional,Bidirectional-Private,[],"['cloud_url', 'cloud_tenant', 'cloud_client_id', 'cloud_cert_content', 'cloud_schedule_time', 'instance', 'cloud_retry_from', 'cloud_retry_to']",OC,msf.instance.cloud,instance,Cloud backup config,Valid,,728
msf_sync_data_server.ir_translation,TRUE,TRUE,TRUE,TRUE,cp_to_rw,Down,"[('res_id', '!=', 0), ('src', '!=', False), ('xml_id', '!=', False), ('lang', '!=', 'en_US'), ('type', '=', 'model'), ('name', 'in', ['res.partner.category,name','product.uom,name','product.template,description','product.uom.categ,name','product.pricelist,name','product.category,name','product.nomenclature,name','product.product,form_value','product.product,function_value','product.product,fit_value','res.currency,currency_name','res.country,name','product.ul,name','product.price.type,name','product.pricelist.type,name','product.pricelist.version,name','account.fiscal.position,note','hr.employee.marital.status,name','account.period,name','account.tax.code,name','account.journal,name','account.tax,name','account.analytic.journal,name','account.account,name','stock.reason.type,name','product.template,name','product.justification.code,code', 'product.asset.type,name', 'product.asset.event.type,name'])]","['lang', 'src', 'name', 'value', 'type', 'xml_id']",OC,ir.translation,,Translations,Valid,,730
msf_sync_data_server.ir_translation_journal_up,TRUE,TRUE,FALSE,TRUE,bidirectional,Bidirectional,"[('res_id', '!=', 0), ('src', '!=', False), ('xml_id', '!=', False), ('lang', '!=', 'en_US'), ('type', '=', 'model'), ('name', 'in', ['account.journal,name', 'account.analytic.journal,name'])]","['lang', 'src', 'name', 'value', 'type', 'xml_id']",HQ + MISSION,ir.translation,,Translations,Valid,,731
msf_sync_data_server.ir_translation_from_coo,TRUE,TRUE,FALSE,TRUE,cp_to_rw,Down,"[('res_id', '!=', 0), ('src', '!=', False), ('xml_id', '!=', False), ('lang', '!=', 'en_US'), ('type', '=', 'model'), ('name', 'in', ['product.template,description_purchase','product.template,description_sale'])]","['lang', 'src', 'name', 'value', 'type', 'xml_id']",MISSION,ir.translation,,Translations,Valid,,733
msf_sync_data_server.cash_request,TRUE,TRUE,TRUE,FALSE,bidirectional,Bidirectional,"[('state', '!=', 'draft')]","['name', 'prop_instance_id/id', 'month_period_id/id', 'request_date', 'consolidation_currency_id/id', 'transfer_account_id/id', 'bank_journal_id/id', 'state', 'instance_ids/id', 'transfer_to_come', 'security_envelope', 'buffer', 'total_to_transfer', 'past_transfer_ids/id']",HQ + MISSION,cash.request,,Cash Request,Valid,,740
msf_sync_data_server.cash_request_transfer_currency,TRUE,TRUE,TRUE,FALSE,bidirectional,Bidirectional,"[('cash_request_id.state', '!=', 'draft')]","['currency_id/id', 'percentage', 'cash_request_id/id']",HQ + MISSION,cash.request.transfer.currency,,Cash Request Transfer Currency,Valid,,741
msf_sync_data_server.cash_request_commitment,TRUE,TRUE,TRUE,FALSE,bidirectional,Bidirectional,"[('cash_request_id.state', '!=', 'draft')]","['instance_id/id', 'instance_level', 'period_id/id', 'cash_request_id/id', 'total_commitment']",HQ + MISSION,cash.request.commitment,,Cash Request Commitment,Valid,,742
msf_sync_data_server.cash_request_total_transfer_line,TRUE,TRUE,TRUE,FALSE,bidirectional,Bidirectional,"[('cash_request_id.state', '!=', 'draft')]","['currency_id/id', 'amount', 'cash_request_id/id']",HQ + MISSION,cash.request.total.transfer.line,,Cash Request Total Transfer Line,Valid,,743
msf_sync_data_server.cash_request_recap_mission,TRUE,TRUE,TRUE,FALSE,bidirectional,Bidirectional,"[('cash_request_id.state', '!=', 'draft')]","['instance_id/id', 'instance_level', 'cash_request_id/id', 'commitment_amount', 'liquidity_amount', 'payable_amount', 'expense_amount', 'total']",HQ + MISSION,cash.request.recap.mission,,Cash Request Recap Mission,Valid,,744
msf_sync_data_server.cash_request_payable,TRUE,TRUE,TRUE,FALSE,bidirectional,Bidirectional,"[('cash_request_id.state', '!=', 'draft')]","['cash_request_id/id', 'instance_id/id', 'instance_level', 'debit', 'credit']",HQ + MISSION,cash.request.payable,,Cash Request Payable,Valid,,745
msf_sync_data_server.cash_request_liquidity_cash,TRUE,TRUE,TRUE,FALSE,bidirectional,Bidirectional,"[('cash_request_id.state', '!=', 'draft')]","['cash_request_id/id', 'instance_id/id', 'instance_level', 'type', 'journal_code', 'journal_name', 'status', 'opening_balance', 'calculated_balance_booking', 'booking_currency_id/id', 'cashbox_balance_booking', 'cashbox_balance_functional', 'calculated_balance_functional']",HQ + MISSION,cash.request.liquidity.cash,,Cash Request Liquidity Cash,Valid,,746
msf_sync_data_server.cash_request_liquidity_bank,TRUE,TRUE,TRUE,FALSE,bidirectional,Bidirectional,"[('cash_request_id.state', '!=', 'draft')]","['cash_request_id/id', 'instance_id/id', 'instance_level', 'type', 'journal_code', 'journal_name', 'status', 'opening_balance', 'calculated_balance_booking', 'booking_currency_id/id', 'bank_statement_balance_booking', 'bank_statement_balance_functional', 'calculated_balance_functional']",HQ + MISSION,cash.request.liquidity.bank,,Cash Request Liquidity Bank,Valid,,747
msf_sync_data_server.cash_request_liquidity_cheque,TRUE,TRUE,TRUE,FALSE,bidirectional,Bidirectional,"[('cash_request_id.state', '!=', 'draft')]","['cash_request_id/id', 'instance_id/id', 'instance_level', 'type', 'journal_code', 'journal_name', 'status', 'opening_balance', 'calculated_balance_booking', 'booking_currency_id/id', 'bank_journal_code', 'bank_journal_name', 'pending_cheque_amount_booking', 'pending_cheque_amount_functional']",HQ + MISSION,cash.request.liquidity.cheque,,Cash Request Liquidity Cheque,Valid,,748
msf_sync_data_server.cash_request_liquidity_total,TRUE,TRUE,TRUE,FALSE,bidirectional,Bidirectional,"[('cash_request_id.state', '!=', 'draft')]","['cash_request_id/id', 'booking_currency_id', 'amount_booking', 'amount_functional']",HQ + MISSION,cash.request.liquidity.total,,Cash Request Liquidity Total,Valid,,749
msf_sync_data_server.cash_request_expense,TRUE,TRUE,TRUE,FALSE,bidirectional,Up,"[('cash_request_id.state', '!=', 'draft')]","['cash_request_id/id', 'prop_instance_id/id', 'consumer_instance_id/id', 'is_local_expense', 'account_id/id', 'description', 'is_budgeted', 'quantity', 'unit_price', 'currency_id/id']",HQ + MISSION,cash.request.expense,,Cash Request Expense,Valid,,750
msf_sync_data_server.cash_request_recap_expense,TRUE,TRUE,TRUE,FALSE,bidirectional,Bidirectional,"[('cash_request_id.state', '!=', 'draft')]","['cash_request_id/id', 'instance_id/id', 'instance_level', 'expense_total', 'budget_expense_m', 'budget_expense_m1', 'budget_expense_m2', 'budget_expense_m3']",HQ + MISSION,cash.request.recap.expense,,Cash Request Recap Expense,Valid,,751
msf_sync_data_server.replenishment_location_config,TRUE,TRUE,TRUE,FALSE,bidirectional,Down,"[]","['name', 'description', 'main_instance/id', 'active', 'review_active', 'projected_view', 'rr_amc', 'sleeping', 'time_unit', 'sync_remote_location_txt', 'synched', 'next_scheduler']",MISSION,replenishment.location.config,,Location Config,Valid,,800
msf_sync_data_server.replenishment_parent_segment,TRUE,TRUE,TRUE,FALSE,bidirectional,Down,"[('location_config_id.synched', '=', True)]","['location_config_id/id', 'date_next_order_received_modified', 'description', 'previous_order_rdd', 'order_validation_lt', 'order_creation_lt', 'order_preparation_lt', 'handling_lt', 'order_coverage', 'supplier_lt', 'time_unit_lt', 'name_parent_seg', 'description_parent_seg', 'state_parent', 'hidden']",MISSION,replenishment.parent.segment,,Parent Segment,Valid,,805
msf_sync_data_server.replenishment_segment,TRUE,TRUE,TRUE,FALSE,bidirectional,Down,"[('location_config_id.synched', '=', True)]","['parent_id/id', 'name_seg', 'description_seg', 'rule', 'product_list_id/id', 'state', 'safety_stock', 'specific_period']",MISSION,replenishment.segment,,Segment,Valid,,810
msf_sync_data_server.replenishment_segment_line,TRUE,TRUE,TRUE,FALSE,bidirectional,Down,"[('segment_id.location_config_id.synched', '=', True)]","['segment_id/id', 'product_id/id', 'uom_id/id', 'status', 'buffer_qty', 'rr_fmc_1', 'rr_fmc_from_1', 'rr_fmc_to_1', 'rr_fmc_2', 'rr_fmc_from_2', 'rr_fmc_to_2', 'rr_fmc_3', 'rr_fmc_from_3', 'rr_fmc_to_3', 'rr_fmc_4', 'rr_fmc_from_4', 'rr_fmc_to_4', 'rr_fmc_5', 'rr_fmc_from_5', 'rr_fmc_to_5', 'rr_fmc_6', 'rr_fmc_from_6', 'rr_fmc_to_6', 'rr_fmc_7', 'rr_fmc_from_7', 'rr_fmc_to_7', 'rr_fmc_8', 'rr_fmc_from_8', 'rr_fmc_to_8', 'rr_fmc_9', 'rr_fmc_from_9', 'rr_fmc_to_9', 'rr_fmc_10', 'rr_fmc_from_10', 'rr_fmc_to_10', 'rr_fmc_11', 'rr_fmc_from_11', 'rr_fmc_to_11', 'rr_fmc_12', 'rr_fmc_from_12', 'rr_fmc_to_12', 'rr_fmc_13', 'rr_fmc_from_13', 'rr_fmc_to_13', 'rr_fmc_14', 'rr_fmc_from_14', 'rr_fmc_to_14', 'rr_fmc_15', 'rr_fmc_from_15', 'rr_fmc_to_15', 'rr_fmc_16', 'rr_fmc_from_16', 'rr_fmc_to_16', 'rr_fmc_17', 'rr_fmc_from_17', 'rr_fmc_to_17', 'rr_fmc_18', 'rr_fmc_from_18', 'rr_fmc_to_18', 'rr_max_1', 'rr_max_2', 'rr_max_3', 'rr_max_4', 'rr_max_5', 'rr_max_6', 'rr_max_7', 'rr_max_8', 'rr_max_9', 'rr_max_10', 'rr_max_11', 'rr_max_12', 'rr_max_13', 'rr_max_14', 'rr_max_15', 'rr_max_16', 'rr_max_17', 'rr_max_18', 'replacing_product_id/id', 'replaced_product_id/id']",MISSION,replenishment.segment.line,,Segment Line,Valid,,820
msf_sync_data_server.replenishment_segment_line_amc,TRUE,TRUE,TRUE,FALSE,bidirectional,Up,"[('segment_line_id.segment_id.location_config_id.synched', '=', True)]","['name', 'segment_line_id/id', 'amc', 'instance_id/id', 'reserved_stock', 'real_stock', 'expired_before_rdd', 'expired_between_rdd_oc', 'open_loan', 'open_donation', 'total_expiry_nocons_qty', 'expired_qty_before_eta', 'fmc_version']",MISSION,replenishment.segment.line.amc,,Segment Line AMC,Valid,,830
msf_sync_data_server.replenishment_segment_date_generation,TRUE,TRUE,TRUE,FALSE,bidirectional,Up,"[('segment_id.location_config_id.synched', '=', True)]","['segment_id/id', 'instance_id/id', 'amc_date', 'full_date', 'review_date']",MISSION,replenishment.segment.date.generation,,Segment Date Computation,Valid,,850
msf_sync_data_server.replenishment_segment_line_amc_month_exp,TRUE,TRUE,TRUE,FALSE,bidirectional,Up,"[('line_amc_id.segment_line_id.segment_id.location_config_id.synched', '=', True)]","['line_amc_id/id', 'month', 'quantity']",MISSION,replenishment.segment.line.amc.month_exp,,Segment Line AMC exp by month,Valid,,860
msf_sync_data_server.replenishment_segment_line_amc_detailed_amc,TRUE,TRUE,TRUE,FALSE,bidirectional,Up,"[('segment_line_id.segment_id.location_config_id.synched', '=', True)]","['segment_line_id/id', 'month', 'amc']",MISSION,replenishment.segment.line.amc.detailed.amc,,Segment Line AMC by month,Valid,,870
msf_sync_data_server.hr_department_children,TRUE,TRUE,FALSE,TRUE,bidirectional,Down,[],"['manager_id/id', 'name', 'note', 'is_active']",OC,hr.department,,HR Department,Valid,,1005
msf_sync_data_server.hr_department_parent,TRUE,TRUE,FALSE,TRUE,bidirectional,Down,[],"['parent_id/id']",OC,hr.department,,HR Department,Valid,,1006
msf_sync_data_server.res_users,TRUE,TRUE,TRUE,TRUE,bidirectional,Down,"[('synchronize', '=', True), ('is_synchronizable', '=', True), ('active', 'in', ['t', 'f'])]","['active', 'address_id/id', 'context_department_id/id', 'force_password_change', 'groups_id/id', 'login', 'menu_tips', 'name', 'password', 'signature', 'user_email', 'view', 'synchronize', 'never_expire', 'last_password_change']",OC,res.users,,Res Users,Valid,,1020
msf_sync_data_server.stock_mission_report_line_location_remote,TRUE,TRUE,TRUE,TRUE,bidirectional,Up,"[('location_id.usage', '=', 'internal')]","['location_name', 'product_id/id', 'quantity', 'last_mod_date', 'instance_id/id', 'uom_id/id']",MISSION,stock.mission.report.line.location,,Remote Stock Level,Valid,,1030
msf_sync_data_server.account_mcdb,TRUE,TRUE,TRUE,TRUE,bidirectional,Down,"[('description', '!=', False), ('synced', '=', True), ('hq_template', '=', True)]","['abs_id/id', 'account_ids/id', 'account_type_ids/id', 'amount_book_from', 'amount_book_to', 'amount_from', 'amount_func_from', 'amount_func_to', 'amount_to', 'analytic_account_cc_ids/id', 'analytic_account_dest_ids/id', 'analytic_account_f1_ids/id', 'analytic_account_f2_ids/id', 'analytic_account_fp_ids/id', 'analytic_axis', 'analytic_journal_ids/id', 'booking_currency_id/id', 'cheque_number', 'copied_id/id', 'currency_choice', 'currency_id/id', 'description', 'display_account', 'display_analytic_account', 'display_analytic_journal', 'display_analytic_period', 'display_cost_center', 'display_destination', 'display_employee', 'display_free1', 'display_free2', 'display_funding_pool', 'display_in_output_currency/id', 'display_instance', 'display_journal', 'display_mcdb_load_button', 'display_partner', 'display_period', 'display_top_prop_instance', 'display_transfer_journal', 'display_type', 'document_code', 'document_date_from', 'document_date_to', 'document_state', 'employee_id/id', 'employee_ids/id', 'fiscalyear_id/id', 'functional_currency_id/id', 'fx_table_id/id', 'instance_ids/id', 'journal_ids/id', 'model', 'name', 'open_items/id', 'partner_id/id', 'partner_ids/id', 'partner_txt', 'period_ids/id', 'posting_date_from', 'posting_date_to', 'reallocated', 'reconciled', 'reconcile_date', 'reconcile_id/id', 'ref', 'rev_account_ids', 'rev_account_type_ids', 'rev_analytic_account_cc_ids', 'rev_analytic_account_dest_ids', 'rev_analytic_account_f1_ids', 'rev_analytic_account_f2_ids', 'rev_analytic_account_fp_ids', 'rev_analytic_journal_ids', 'rev_employee_ids', 'reversed', 'rev_instance_ids', 'rev_journal_ids', 'rev_partner_ids', 'rev_period_ids', 'rev_top_prop_instance_ids', 'rev_transfer_journal_ids', 'top_prop_instance_ids/id', 'transfer_journal_id/id', 'transfer_journal_ids/id', 'hq_template', 'include_related_entries', 'excl_inactive_journal_ids', 'inactive_at']",HQ + MISSION,account.mcdb,,Selector,Valid,,1040
msf_sync_data_server.finance_report_template,TRUE,TRUE,TRUE,TRUE,bidirectional,Down,"[('synced', '=', True), ('hq_template', '=', True)]","['last_modification', 'name', 'sync_values', 'wizard_name', 'hq_template']",HQ + MISSION,wizard.template,,Finance Report Templates,Valid,,1050
msf_sync_data_server.iil_down,TRUE,TRUE,FALSE,FALSE,bidirectional,Single-Private,"[('state', '=', '1_draft')]","['po_name', 'requestor_cc_id/id', 'consignee_cc_id/id', 'product_id/id', 'price_unit', 'product_qty', 'uom_id/id', 'currency_id/id', 'shipment_ref', 'dest_instance_id/id']",HQ + MISSION,esc.invoice.line,dest_instance_id,Down ESC Invoices Lines,Valid,,1300
msf_sync_data_server.iil_up,TRUE,TRUE,FALSE,FALSE,bidirectional,Single-Private,"[('state', '=', 'done')]","['state', 'remaining_qty', 'dest_instance_id/id']",HQ + MISSION,esc.invoice.line,dest_instance_id,UP ESC Invoices Lines state,Valid,,1305
msf_sync_data_server.account_export_mapping,TRUE,TRUE,TRUE,TRUE,bidirectional,Down,"[]","['account_id/id', 'mapping_value']",OC,account.export.mapping,,Account Export Mapping,Valid,,1060
